name,race
DIMITRIY KOWALO,whi
GOEBEL TEBRUGGE,whi
ANNBRITT DENAURO,whi
KLODIAN DECHELLE,whi
RONALDWAYNE DUSS,whi
SARAKELLY CERIMELE,whi
JENNIFERDIANE TESTASECCA,whi
IULIIA MCMARLIN,whi
MARIEAGNES MOLAMPHY,whi
RYMAN GARDYASZ,whi
PATRICIAKAY GEMEINER,whi
BUSBY ROGUSKI,whi
COLGAN KLEYN,whi
CORASUE KARANT,whi
DIMCHO OGMAN,whi
BAYLESS DUNTY,whi
JILEEN MIRMINA,whi
IMAGEAN LUBIANI,whi
DERENDIA CANANE,whi
MELISSAGAIL YORSTON,whi
BERET SCHUEMANN,whi
AMYMICHELLE BOLLERMANN,whi
MERIELLEN BALTUSNIK,whi
ANNDEE CLAVELLI,whi
CRIN GENARDI,whi
ILOUISE SPOREA,whi
EDRAL SKIPTUNAS,whi
CORBEY JAJACK,whi
MCHRISTINE DONCEEL,whi
GARATH SCHROEHER,whi
LAUCHLIN HEILHECKER,whi
ZDZISLAW MISHK,whi
EFTICHIA SCHAFFMAN,whi
BRABHAM BOUTCHYARD,whi
GINTAUTAS BONAFIELD,whi
MARYCELESTE BILISOLY,whi
CLIONA GLAAB,whi
GENOVEFFA NOORDHOEK,whi
VELID CULLEFER,whi
DELEENA WILWERT,whi
JAMIANNE SCHWEFRINGHAUS,whi
BETTYLYNN DIBERNARD,whi
TRENNER COSMATO,whi
RARES VEYDT,whi
RUTHELEN PLASKAN,whi
MGLENN DETRUDE,whi
TALTHA TRINEMEYER,whi
DECE VANDERLAND,whi
AGAN VANDERHYDEN,whi
LYALL NEITZSCHMAN,whi
TIMISHIA MOIMEME,bla
JESTINY VANROSS,bla
NEKEITA EATO,bla
LOREATHER PELEMON,bla
DENIJAH BELTHROP,bla
IYORE WASHINGTONROBINSON,bla
SHELLITA CINORD,bla
DEONTI HEAIRD,bla
NEZER AGUWA,bla
KARMESIA WOODLY,bla
DELDRA HOWARDJOHNSON,bla
KELLESHA OGENE,bla
RAYMERE MCMELLER,bla
LATATIANA PENNIEGRAFT,bla
ATTICA SIMLIN,bla
ALTERIQUE JAVINE,bla
LATONGIA SAGOE,bla
SAKENIA OSEIKWASI,bla
PHANORD MCCOUNLY,bla
KADJIAH LEEVY,bla
SIMEKO DUMERLUS,bla
SCHAMONA DEBRON,bla
UGONDA MARIGNA,bla
VONTRECE ORINVIL,bla
TIUNNA NDABEREKANYE,bla
SHAQUASHIA OPONG,bla
JUANDALYNN SEEGE,bla
SHEKENYA CHATTMON,bla
PEARLIA OSUNTOGUN,bla
THEASTER NICCO,bla
ALISENA BILLOPS,bla
SHANADRA ETILIEN,bla
VINTAVIOUS SERVALIS,bla
MALASHIA LUXE,bla
QUIOTTE SONTHONAX,bla
JOEQUAN FONTHUS,bla
DEBROHA NEALOND,bla
TKEYIA UFOMADU,bla
JARMARKUS FAINES,bla
MCBURNETT CHEREBIN,bla
HERMANDEZ MARSHAM,bla
MPHATSO CAMION,bla
LAKRISTIE MEDEE,bla
CARLESSA ERKARD,bla
CIUS HOLLMOND,bla
DUCKENS SYNDIC,bla
MAURIUS FRENOT,bla
JOSPHAT ANGERVILLE,bla
ZARRIUS OSEIKWASI,bla
ARKESIA MCKIRY,bla
MONCERRAT REYESDAVILA,his
MAIRYM ORTIZCRESPO,his
EUCARIS ALAMOLOPEZ,his
ANALAY DELGADOVAZQUEZ,his
YULIO OLMEDATORRES,his
JESUEL LABOYBURGOS,his
DESIRET BIZARRON,his
YULEYDI MELENDEZPENA,his
YERALIZ FIGUEROAROSADO,his
EUCARIS ESPINOSAMORALES,his
DEYVIS MACHUAT,his
YAMELLY QUINONESFERNANDEZ,his
JORMARIE IZQUIERDORODRIGUEZ,his
ANAILYS BONESRIVERA,his
MIRLEN SOTONAZARIO,his
BEISY SANTOSMOLINA,his
TANISHKA ANDINOPEREZ,his
KETZY ROSAROMAN,his
YAHUMARA DELACRUZPEREZ,his
OLIDAY VALDESACOSTA,his
GEIDIS ZOQUE,his
YUBERKIS DELVALLERODRIGUEZ,his
SORIMAR SANCHEZROSA,his
ARAZAY MALAVECOLON,his
LIMBER GUTIERREZSUAREZ,his
AYRAM ESEVERRI,his
YAMITZA ZAWADY,his
IRELDO MALDONADOANDUJAR,his
ANAHIS MIGENIS,his
MAGDELYS OCASIOROSA,his
ARCHIBALDO ORTIZCRESPO,his
YENESIS SANCERNI,his
DINORKA PARRAGARCIA,his
MAYRALIZ VELAZQUEZTIRADO,his
MARINELLY RUIZESQUIVEL,his
IBETT RODRIGUEZREY,his
MILAIDA PEREZROURA,his
NAYARIT MARREROSANTANA,his
VERENIS TORRESBAUZA,his
ZURELY SOTOTELLADO,his
SAYMARA PACHECOPAGAN,his
INELIS SIERRAPACHECO,his
ANABIS MOGNA,his
JESUEL ORTIZLUNA,his
LYSMARIE LOPEZQUILES,his
EUDILIA BATISTACOLON,his
AIDELYN TORRESSOTOMAYOR,his
MILDREYS RIVASMARTINEZ,his
NALIX MEJIASHERNANDEZ,his
DIALY NEGRONROQUE,his
ZHIFENG VEERAPANENI,asi
KAMLESHBHAI SANGUANSRI,asi
FARHIN PENKAR,asi
THITIYA CADAY,asi
SHLOK MANCHIKALAPATI,asi
ZAHIDUL CHINTA,asi
KEEYOUNG MARULENDRA,asi
YANFENG DONTHI,asi
HIEUHANH PITHWA,asi
HOKYUNG MUTHALAGAPPAN,asi
MAHESHCHANDRA DALANGIN,asi
HEEJIN MUKHARYA,asi
MARIARUBY THAKHAVONG,asi
YILONG CHANDRASOMA,asi
YASUE BHAMBER,asi
NGOCTHANH PANIGRAHI,asi
YIFANG MUKKU,asi
NGOCHUONG ARADANAS,asi
HYOUNG NAGABHAIRU,asi
TAPATI KANDASWAMY,asi
MARIASHEILA THORAT,asi
XINHUA SINGTHONG,asi
YANYUN SURABHI,asi
WEIWEN BHRUGUSHASTRI,asi
HONGJUAN CUNADA,asi
ONANONG NAGAC,asi
HUIQIN OTAKE,asi
KISHWER UPPU,asi
KUEIYING ROBBANI,asi
XUEWEN DHARMAKIRTHI,asi
SUKHNINDER AUAYANG,asi
NOM MOHANDOSS,asi
HOT CAPIRAL,asi
SUNGHWAN PULAVARTY,asi
THAOVY TAMBIO,asi
SAMHITA KADIRE,asi
SANGIAM BADISETTI,asi
BICHTRAM INTHAMONE,asi
NGOCTHANH KHERANI,asi
CHUNYAN NALLAMSHETTY,asi
JIANYONG CHATMONMART,asi
SUNGHWAN CHHANG,asi
SAYSAMONE VULIMIRI,asi
HYUNSUN ADAMJEE,asi
HAIYANG SELVAMANI,asi
JINJU SAKPAL,asi
SHUWEN SALINEL,asi
LUY PAMITTAN,asi
KONGKEO VIKANI,asi
ZIQIANG MAHENDRASAH,asi
RAJDAYE KOMAL,oth
RAJDAYE GHOSTHORSE,oth
AZAAD ZANZOUL,oth
RAJDAYE ANGOCO,oth
BHANMATIE SEENANDAN,oth
BEHARRY ALOWDI,oth
NAZMIEH SEWPAUL,oth
KRISHNADAT SHAMSUDEEN,oth
KRISHNADAT DEWKINANDAN,oth
GOMATIE AHSANUDDIN,oth
AZAAD SEELALL,oth
NAZMIEH SHAMSUDEEN,oth
GHAMDAN SEENANDAN,oth
KRISHNADAT KOMAL,oth
GHAMDAN KAKATI,oth
GHAMDAN DURGANA,oth
BEHARRY SEWPAUL,oth
NAZMIEH SWARZENSKI,oth
BHANMATIE WHORRIE,oth
GOMATIE ZANZOUL,oth
NAZMIEH KALKUNTE,oth
KRISHNADAT KAKATI,oth
PRAMELA SWARZENSKI,oth
KRISHNADAT SOBHRAJ,oth
RAJDAYE SEBLANI,oth
GHAMDAN ALMURISI,oth
GOMATIE KHELIK,oth
KRISHNADAT ALMURISI,oth
GHAMDAN KOMAL,oth
AZAAD SEBLANI,oth
RAJDAYE KALKUNTE,oth
NAZMIEH WHORRIE,oth
GHAMDAN ANGOCO,oth
BHANMATIE DEWKINANDAN,oth
KRISHNADAT KHARGI,oth
AZAAD ANGOCO,oth
AZAAD ABDUH,oth
PRAMELA ZANZOUL,oth
AZAAD KHARGI,oth
KRISHNADAT KALKUNTE,oth
GHAMDAN WHORRIE,oth
KRISHNADAT KHARGI,oth
BEHARRY RUPRAM,oth
NAZMIEH PITAM,oth
AZAAD SEWPAUL,oth
GOMATIE BISTONATH,oth
GHAMDAN SEENANDAN,oth
AZAAD GHOSTHORSE,oth
BHANMATIE WHORRIE,oth
GOMATIE SIRKISOON,oth
